"Datereceived","Credit_card","Mortgage","Bank_acor_service","Consumer_loan","Credit_reporting","Student_loan","Debt_collection","Money_transfers","Payday_loan","Prepaid_card","Other_financial_service"
2011-12-01,100,36,0,0,0,0,0,0,0,0,0
2011-12-02,102,28,0,0,0,0,0,0,0,0,0
2011-12-03,19,6,0,0,0,0,0,0,0,0,0
2011-12-04,19,6,0,0,0,0,0,0,0,0,0
2011-12-05,152,31,0,0,0,0,0,0,0,0,0
2011-12-06,101,49,0,0,0,0,0,0,0,0,0
2011-12-07,72,37,0,0,0,0,0,0,0,0,0
2011-12-08,38,121,0,0,0,0,0,0,0,0,0
2011-12-09,26,40,0,0,0,0,0,0,0,0,0
2011-12-10,30,15,0,0,0,0,0,0,0,0,0
2011-12-11,10,49,0,0,0,0,0,0,0,0,0
2011-12-12,61,115,0,0,0,0,0,0,0,0,0
2011-12-13,40,81,0,0,0,0,0,0,0,0,0
2011-12-14,30,58,0,0,0,0,0,0,0,0,0
2011-12-15,19,50,0,0,0,0,0,0,0,0,0
2011-12-16,28,68,0,0,0,0,0,0,0,0,0
2011-12-17,9,15,0,0,0,0,0,0,0,0,0
2011-12-18,10,12,0,0,0,0,0,0,0,0,0
2011-12-19,56,48,0,0,0,0,0,0,0,0,0
2011-12-20,44,69,0,0,0,0,0,0,0,0,0
2011-12-21,40,70,0,0,0,0,0,0,0,0,0
2011-12-22,36,56,0,0,0,0,0,0,0,0,0
2011-12-23,23,27,0,0,0,0,0,0,0,0,0
2011-12-24,7,4,0,0,0,0,0,0,0,0,0
2011-12-25,6,3,0,0,0,0,0,0,0,0,0
2011-12-26,15,12,0,0,0,0,0,0,0,0,0
2011-12-27,45,43,0,0,0,0,0,0,0,0,0
2011-12-28,35,44,0,0,0,0,0,0,0,0,0
2011-12-29,39,41,0,0,0,0,0,0,0,0,0
2011-12-30,48,35,0,0,0,0,0,0,0,0,0
2011-12-31,7,20,0,0,0,0,0,0,0,0,0
2012-01-01,2,7,0,0,0,0,0,0,0,0,0
2012-01-02,14,17,0,0,0,0,0,0,0,0,0
2012-01-03,46,62,0,0,0,0,0,0,0,0,0
2012-01-04,45,71,0,0,0,0,0,0,0,0,0
2012-01-05,82,108,0,0,0,0,0,0,0,0,0
2012-01-06,52,138,0,0,0,0,0,0,0,0,0
2012-01-07,22,35,0,0,0,0,0,0,0,0,0
2012-01-08,15,33,0,0,0,0,0,0,0,0,0
2012-01-09,69,96,0,0,0,0,0,0,0,0,0
2012-01-10,47,85,0,0,0,0,0,0,0,0,0
2012-01-11,47,97,0,0,0,0,0,0,0,0,0
2012-01-12,34,86,0,0,0,0,0,0,0,0,0
2012-01-13,43,76,0,0,0,0,0,0,0,0,0
2012-01-14,15,26,0,0,0,0,0,0,0,0,0
2012-01-15,17,11,0,0,0,0,0,0,0,0,0
2012-01-16,31,38,0,0,0,0,0,0,0,0,0
2012-01-17,47,88,0,0,0,0,0,0,0,0,0
2012-01-18,45,105,0,0,0,0,0,0,0,0,0
2012-01-19,37,71,0,0,0,0,0,0,0,0,0
2012-01-20,33,53,0,0,0,0,0,0,0,0,0
2012-01-21,10,25,0,0,0,0,0,0,0,0,0
2012-01-22,24,26,0,0,0,0,0,0,0,0,0
2012-01-23,42,64,0,0,0,0,0,0,0,0,0
2012-01-24,48,120,0,0,0,0,0,0,0,0,0
2012-01-25,77,118,0,0,0,0,0,0,0,0,0
2012-01-26,66,121,0,0,0,0,0,0,0,0,0
2012-01-27,39,79,0,0,0,0,0,0,0,0,0
2012-01-28,9,18,0,0,0,0,0,0,0,0,0
2012-01-29,10,24,0,0,0,0,0,0,0,0,0
2012-01-30,61,96,0,0,0,0,0,0,0,0,0
2012-01-31,45,98,0,0,0,0,0,0,0,0,0
2012-02-01,47,110,0,0,0,0,0,0,0,0,0
2012-02-02,61,98,0,0,0,0,0,0,0,0,0
2012-02-03,48,95,0,0,0,0,0,0,0,0,0
2012-02-04,12,21,0,0,0,0,0,0,0,0,0
2012-02-05,14,16,0,0,0,0,0,0,0,0,0
2012-02-06,42,91,0,0,0,0,0,0,0,0,0
2012-02-07,71,110,0,0,0,0,0,0,0,0,0
2012-02-08,60,100,0,0,0,0,0,0,0,0,0
2012-02-09,58,124,0,0,0,0,0,0,0,0,0
2012-02-10,57,77,0,0,0,0,0,0,0,0,0
2012-02-11,16,25,0,0,0,0,0,0,0,0,0
2012-02-12,16,23,0,0,0,0,0,0,0,0,0
2012-02-13,50,114,0,0,0,0,0,0,0,0,0
2012-02-14,35,84,0,0,0,0,0,0,0,0,0
2012-02-15,53,105,0,0,0,0,0,0,0,0,0
2012-02-16,52,122,0,0,0,0,0,0,0,0,0
2012-02-17,67,130,0,0,0,0,0,0,0,0,0
2012-02-18,19,20,0,0,0,0,0,0,0,0,0
2012-02-19,9,18,0,0,0,0,0,0,0,0,0
2012-02-20,16,37,0,0,0,0,0,0,0,0,0
2012-02-21,45,106,0,0,0,0,0,0,0,0,0
2012-02-22,61,113,0,0,0,0,0,0,0,0,0
2012-02-23,67,104,0,0,0,0,0,0,0,0,0
2012-02-24,43,98,0,0,0,0,0,0,0,0,0
2012-02-25,21,18,0,0,0,0,0,0,0,0,0
2012-02-26,15,18,0,0,0,0,0,0,0,0,0
2012-02-27,41,104,0,0,0,0,0,0,0,0,0
2012-02-28,71,110,0,0,0,0,0,0,0,0,0
2012-02-29,45,104,0,0,0,0,0,0,0,0,0
2012-03-01,71,112,49,8,0,3,0,0,0,0,0
2012-03-02,58,99,21,2,0,5,0,0,0,0,0
2012-03-03,13,18,7,1,0,2,0,0,0,0,0
2012-03-04,18,23,45,0,0,5,0,0,0,0,0
2012-03-05,86,154,119,7,0,28,0,0,0,0,0
2012-03-06,60,168,47,4,0,70,0,0,0,0,0
2012-03-07,89,182,60,6,0,45,0,0,0,0,0
2012-03-08,39,118,37,6,0,40,0,0,0,0,0
2012-03-09,49,112,24,4,0,16,0,0,0,0,0
2012-03-10,32,45,12,4,0,8,0,0,0,0,0
2012-03-11,53,72,13,1,0,4,0,0,0,0,0
2012-03-12,55,121,82,9,0,21,0,0,0,0,0
2012-03-13,51,118,43,3,0,17,0,0,0,0,0
2012-03-14,69,137,56,6,0,24,0,0,0,0,0
2012-03-15,56,127,58,10,0,21,0,0,0,0,0
2012-03-16,28,77,21,3,0,13,0,0,0,0,0
2012-03-17,10,17,5,0,0,4,0,0,0,0,0
2012-03-18,10,11,4,3,0,5,0,0,0,0,0
2012-03-19,39,99,41,5,0,16,0,0,0,0,0
2012-03-20,48,111,40,5,0,11,0,0,0,0,0
2012-03-21,42,132,50,7,0,10,0,0,0,0,0
2012-03-22,44,150,63,9,0,9,0,0,0,0,0
2012-03-23,36,93,20,6,0,7,0,0,0,0,0
2012-03-24,15,16,8,2,0,2,0,0,0,0,0
2012-03-25,37,51,14,0,0,4,0,0,0,0,0
2012-03-26,72,194,65,4,0,13,0,0,0,0,0
2012-03-27,65,151,76,6,0,9,0,0,0,0,0
2012-03-28,41,118,35,9,0,51,0,0,0,0,0
2012-03-29,46,108,43,3,0,39,0,0,0,0,0
2012-03-30,40,52,37,7,0,17,0,0,0,0,0
2012-03-31,10,15,3,2,0,5,0,0,0,0,0
2012-04-01,16,13,4,1,0,9,0,0,0,0,0
2012-04-02,67,170,50,7,0,13,0,0,0,0,0
2012-04-03,56,141,19,3,0,12,0,0,0,0,0
2012-04-04,45,132,54,6,0,16,0,0,0,0,0
2012-04-05,43,140,40,6,0,14,0,0,0,0,0
2012-04-06,35,72,23,2,0,7,0,0,0,0,0
2012-04-07,16,12,5,0,0,2,0,0,0,0,0
2012-04-08,6,9,6,0,0,2,0,0,0,0,0
2012-04-09,62,174,61,14,0,9,0,0,0,0,0
2012-04-10,55,146,68,12,0,10,0,0,0,0,0
2012-04-11,71,145,96,12,0,16,0,0,0,0,0
2012-04-12,55,138,77,5,0,14,0,0,0,0,0
2012-04-13,51,91,53,3,0,4,0,0,0,0,0
2012-04-14,13,18,7,0,0,5,0,0,0,0,0
2012-04-15,10,10,4,1,0,3,0,0,0,0,0
2012-04-16,44,155,88,18,0,12,0,0,0,0,0
2012-04-17,46,119,59,7,0,8,0,0,0,0,0
2012-04-18,45,134,45,6,0,12,0,0,0,0,0
2012-04-19,57,147,81,9,0,11,0,0,0,0,0
2012-04-20,57,78,37,6,0,7,0,0,0,0,0
2012-04-21,21,19,5,2,0,2,0,0,0,0,0
2012-04-22,12,20,2,1,0,2,0,0,0,0,0
2012-04-23,37,118,54,11,0,9,0,0,0,0,0
2012-04-24,37,125,54,7,0,9,0,0,0,0,0
2012-04-25,53,148,70,9,0,13,0,0,0,0,0
2012-04-26,46,108,63,7,0,4,0,0,0,0,0
2012-04-27,45,118,56,9,0,7,0,0,0,0,0
2012-04-28,10,16,4,1,0,2,0,0,0,0,0
2012-04-29,18,20,21,1,0,5,0,0,0,0,0
2012-04-30,47,128,55,7,0,12,0,0,0,0,0
2012-05-01,48,107,50,8,0,7,0,0,0,0,0
2012-05-02,55,141,62,18,0,5,0,0,0,0,0
2012-05-03,73,125,92,10,0,6,0,0,0,0,0
2012-05-04,32,63,37,8,0,8,0,0,0,0,0
2012-05-05,24,55,15,6,0,3,0,0,0,0,0
2012-05-06,10,17,5,0,0,0,0,0,0,0,0
2012-05-07,46,122,69,12,0,4,0,0,0,0,0
2012-05-08,52,136,70,11,0,7,0,0,0,0,0
2012-05-09,45,148,43,4,0,6,0,0,0,0,0
2012-05-10,47,135,55,10,0,5,0,0,0,0,0
2012-05-11,31,120,44,7,0,6,0,0,0,0,0
2012-05-12,6,13,2,0,0,2,0,0,0,0,0
2012-05-13,4,10,2,1,0,1,0,0,0,0,0
2012-05-14,77,168,102,14,0,7,0,0,0,0,0
2012-05-15,122,320,149,23,0,14,0,0,0,0,0
2012-05-16,81,152,107,9,0,10,0,0,0,0,0
2012-05-17,75,303,111,16,0,9,0,0,0,0,0
2012-05-18,77,224,99,11,0,8,0,0,0,0,0
2012-05-19,52,187,56,6,0,4,0,0,0,0,0
2012-05-20,36,222,54,9,0,3,0,0,0,0,0
2012-05-21,84,214,77,13,0,9,0,0,0,0,0
2012-05-22,28,111,49,7,0,4,0,0,0,0,0
2012-05-23,31,103,31,5,0,7,0,0,0,0,0
2012-05-24,44,135,42,8,0,4,0,0,0,0,0
2012-05-25,31,66,23,3,0,1,0,0,0,0,0
2012-05-26,10,16,3,4,0,1,0,0,0,0,0
2012-05-27,2,6,1,1,0,1,0,0,0,0,0
2012-05-28,8,11,0,2,0,11,0,0,0,0,0
2012-05-29,60,176,29,10,0,3,0,0,0,0,0
2012-05-30,71,204,60,10,0,8,0,0,0,0,0
2012-05-31,105,252,127,12,0,10,0,0,0,0,0
2012-06-01,86,228,86,9,0,4,0,0,0,0,0
2012-06-02,17,136,11,2,0,1,0,0,0,0,0
2012-06-03,13,18,4,1,0,1,0,0,0,0,0
2012-06-04,80,358,94,20,0,14,0,0,0,0,0
2012-06-05,80,303,86,11,0,8,0,0,0,0,0
2012-06-06,49,294,77,15,0,9,0,0,0,0,0
2012-06-07,40,216,78,8,0,6,0,0,0,0,0
2012-06-08,51,200,69,12,0,6,0,0,0,0,0
2012-06-09,15,17,4,3,0,2,0,0,0,0,0
2012-06-10,15,16,2,0,0,4,0,0,0,0,0
2012-06-11,65,179,47,3,0,6,0,0,0,0,0
2012-06-12,49,110,49,6,0,9,0,0,0,0,0
2012-06-13,58,240,67,16,0,21,0,0,0,0,0
2012-06-14,63,140,49,9,0,78,0,0,0,0,0
2012-06-15,31,130,42,7,0,239,0,0,0,0,0
2012-06-16,11,15,2,0,0,4,0,0,0,0,0
2012-06-17,13,7,4,1,0,17,0,0,0,0,0
2012-06-18,61,141,70,8,0,25,0,0,0,0,0
2012-06-19,282,138,77,17,0,26,0,0,0,0,0
2012-06-20,124,135,59,15,0,20,0,0,0,0,0
2012-06-21,83,176,84,1,0,12,0,0,0,0,0
2012-06-22,62,95,45,9,0,7,0,0,0,0,0
2012-06-23,25,17,9,4,0,5,0,0,0,0,0
2012-06-24,20,13,1,1,0,1,0,0,0,0,0
2012-06-25,57,130,51,6,0,6,0,0,0,0,0
2012-06-26,67,146,72,4,0,10,0,0,0,0,0
2012-06-27,68,124,57,10,0,13,0,0,0,0,0
2012-06-28,59,134,46,10,0,10,0,0,0,0,0
2012-06-29,50,97,50,9,0,4,0,0,0,0,0
2012-06-30,9,14,6,3,0,3,0,0,0,0,0
2012-07-01,11,19,2,2,0,4,0,0,0,0,0
2012-07-02,39,121,43,5,0,9,0,0,0,0,0
2012-07-03,58,132,51,8,0,10,0,0,0,0,0
2012-07-04,8,15,2,1,0,4,0,0,0,0,0
2012-07-05,67,162,61,8,0,10,0,0,0,0,0
2012-07-06,55,132,52,11,0,6,0,0,0,0,0
2012-07-07,14,21,2,0,0,2,0,0,0,0,0
2012-07-08,12,23,7,2,0,1,0,0,0,0,0
2012-07-09,62,211,60,7,0,14,0,0,0,0,0
2012-07-10,56,174,93,14,0,8,0,0,0,0,0
2012-07-11,76,145,66,14,0,9,0,0,0,0,0
2012-07-12,56,157,61,4,0,6,0,0,0,0,0
2012-07-13,44,112,52,8,0,7,0,0,0,0,0
2012-07-14,13,17,4,3,0,3,0,0,0,0,0
2012-07-15,18,17,6,0,0,6,0,0,0,0,0
2012-07-16,88,127,70,2,0,11,0,0,0,0,0
2012-07-17,61,258,37,10,0,16,0,0,0,0,0
2012-07-18,81,187,82,11,0,11,0,0,0,0,0
2012-07-19,91,107,34,8,0,7,0,0,0,0,0
2012-07-20,59,118,92,6,0,11,0,0,0,0,0
2012-07-21,34,19,2,3,0,4,0,0,0,0,0
2012-07-22,27,22,3,3,0,3,0,0,0,0,0
2012-07-23,81,265,65,13,0,13,0,0,0,0,0
2012-07-24,84,139,56,2,0,7,0,0,0,0,0
2012-07-25,55,122,49,11,0,12,0,0,0,0,0
2012-07-26,65,175,82,16,0,9,0,0,0,0,0
2012-07-27,56,95,38,3,0,6,0,0,0,0,0
2012-07-28,18,13,6,1,0,2,0,0,0,0,0
2012-07-29,13,18,4,1,0,6,0,0,0,0,0
2012-07-30,49,148,62,9,0,9,0,0,0,0,0
2012-07-31,62,266,57,10,0,14,0,0,0,0,0
2012-08-01,50,187,50,10,0,3,0,0,0,0,0
2012-08-02,56,212,57,6,0,6,0,0,0,0,0
2012-08-03,62,139,67,15,0,6,0,0,0,0,0
2012-08-04,12,19,4,0,0,1,0,0,0,0,0
2012-08-05,14,11,5,0,0,3,0,0,0,0,0
2012-08-06,66,149,73,14,0,10,0,0,0,0,0
2012-08-07,63,282,62,15,0,9,0,0,0,0,0
2012-08-08,62,159,60,9,0,8,0,0,0,0,0
2012-08-09,49,143,50,8,0,10,0,0,0,0,0
2012-08-10,41,192,53,6,0,11,0,0,0,0,0
2012-08-11,11,23,8,1,0,5,0,0,0,0,0
2012-08-12,14,21,2,2,0,2,0,0,0,0,0
2012-08-13,49,153,48,11,0,12,0,0,0,0,0
2012-08-14,46,198,40,13,0,14,0,0,0,0,0
2012-08-15,58,175,46,8,0,5,0,0,0,0,0
2012-08-16,49,133,72,7,0,13,0,0,0,0,0
2012-08-17,45,95,46,6,0,3,0,0,0,0,0
2012-08-18,14,20,6,1,0,2,0,0,0,0,0
2012-08-19,13,13,6,1,0,2,0,0,0,0,0
2012-08-20,42,178,50,8,0,12,0,0,0,0,0
2012-08-21,53,175,49,8,0,11,0,0,0,0,0
2012-08-22,57,117,42,7,0,7,0,0,0,0,0
2012-08-23,50,156,66,14,0,13,0,0,0,0,0
2012-08-24,63,107,57,12,0,6,0,0,0,0,0
2012-08-25,12,31,14,1,0,4,0,0,0,0,0
2012-08-26,8,20,5,1,0,4,0,0,0,0,0
2012-08-27,46,161,48,12,0,10,0,0,0,0,0
2012-08-28,51,156,45,9,0,4,0,0,0,0,0
2012-08-29,54,211,63,4,0,11,0,0,0,0,0
2012-08-30,38,150,45,6,0,8,0,0,0,0,0
2012-08-31,35,110,22,6,0,4,0,0,0,0,0
2012-09-01,8,14,4,3,0,1,0,0,0,0,0
2012-09-02,7,12,3,0,0,0,0,0,0,0,0
2012-09-03,8,19,3,1,0,0,0,0,0,0,0
2012-09-04,49,145,53,6,0,3,0,0,0,0,0
2012-09-05,53,157,51,5,0,9,0,0,0,0,0
2012-09-06,45,128,55,9,0,10,0,0,0,0,0
2012-09-07,43,102,36,2,0,9,0,0,0,0,0
2012-09-08,14,23,10,2,0,5,0,0,0,0,0
2012-09-09,9,16,2,1,0,2,0,0,0,0,0
2012-09-10,51,192,81,9,0,12,0,0,0,0,0
2012-09-11,45,129,39,7,0,8,0,0,0,0,0
2012-09-12,35,159,61,12,0,4,0,0,0,0,0
2012-09-13,44,158,71,9,0,7,0,0,0,0,0
2012-09-14,43,148,61,9,0,14,0,0,0,0,0
2012-09-15,17,20,6,1,0,3,0,0,0,0,0
2012-09-16,11,17,7,3,0,5,0,0,0,0,0
2012-09-17,52,166,43,2,0,6,0,0,0,0,0
2012-09-18,61,167,44,11,0,14,0,0,0,0,0
2012-09-19,64,175,64,10,0,10,0,0,0,0,0
2012-09-20,27,158,44,5,0,6,0,0,0,0,0
2012-09-21,24,114,55,8,0,5,0,0,0,0,0
2012-09-22,4,18,3,1,0,1,0,0,0,0,0
2012-09-23,14,16,3,1,0,1,0,0,0,0,0
2012-09-24,47,167,48,16,0,11,0,0,0,0,0
2012-09-25,68,143,57,10,0,9,0,0,0,0,0
2012-09-26,43,149,45,8,0,13,0,0,0,0,0
2012-09-27,37,146,70,10,0,8,0,0,0,0,0
2012-09-28,39,164,53,10,0,5,0,0,0,0,0
2012-09-29,25,18,8,2,0,4,0,0,0,0,0
2012-09-30,10,14,9,1,0,1,0,0,0,0,0
2012-10-01,58,147,51,6,0,10,0,0,0,0,0
2012-10-02,68,148,60,10,0,12,0,0,0,0,0
2012-10-03,78,134,50,15,0,11,0,0,0,0,0
2012-10-04,60,123,32,7,0,3,0,0,0,0,0
2012-10-05,37,108,43,9,0,10,0,0,0,0,0
2012-10-06,14,15,3,2,0,4,0,0,0,0,0
2012-10-07,19,34,29,5,0,2,0,0,0,0,0
2012-10-08,20,62,9,2,0,6,0,0,0,0,0
2012-10-09,55,133,63,6,0,17,0,0,0,0,0
2012-10-10,48,140,44,6,0,12,0,0,0,0,0
2012-10-11,52,154,52,15,0,11,0,0,0,0,0
2012-10-12,56,132,60,5,0,9,0,0,0,0,0
2012-10-13,17,21,5,1,0,1,0,0,0,0,0
2012-10-14,21,29,4,1,0,4,0,0,0,0,0
2012-10-15,63,129,41,9,0,11,0,0,0,0,0
2012-10-16,71,168,58,9,0,20,0,0,0,0,0
2012-10-17,61,173,74,13,0,14,0,0,0,0,0
2012-10-18,39,148,54,10,0,15,0,0,0,0,0
2012-10-19,39,114,49,9,0,8,0,0,0,0,0
2012-10-20,14,19,2,0,0,5,0,0,0,0,0
2012-10-21,13,20,4,1,0,2,0,0,0,0,0
2012-10-22,49,157,65,13,25,13,0,0,0,0,0
2012-10-23,57,143,61,8,59,10,0,0,0,0,0
2012-10-24,54,135,51,8,48,11,0,0,0,0,0
2012-10-25,55,111,45,13,45,15,0,0,0,0,0
2012-10-26,40,128,59,11,38,5,0,0,0,0,0
2012-10-27,32,54,10,5,40,4,0,0,0,0,0
2012-10-28,14,22,4,1,16,1,0,0,0,0,0
2012-10-29,56,144,40,7,28,8,0,0,0,0,0
2012-10-30,49,145,44,12,25,6,0,0,0,0,0
2012-10-31,52,133,43,13,49,6,0,0,0,0,0
2012-11-01,47,151,43,8,34,8,0,0,0,0,0
2012-11-02,38,132,36,7,30,5,0,0,0,0,0
2012-11-03,18,21,5,3,7,5,0,0,0,0,0
2012-11-04,21,25,2,1,23,3,0,0,0,0,0
2012-11-05,57,129,55,4,37,8,0,0,0,0,0
2012-11-06,45,111,44,12,48,7,0,0,0,0,0
2012-11-07,38,118,46,5,47,13,0,0,0,0,0
2012-11-08,47,121,48,10,30,11,0,0,0,0,0
2012-11-09,35,98,30,5,20,9,0,0,0,0,0
2012-11-10,16,21,5,1,14,4,0,0,0,0,0
2012-11-11,6,27,5,1,5,6,0,0,0,0,0
2012-11-12,18,51,13,4,15,10,0,0,0,0,0
2012-11-13,36,159,40,5,28,11,0,0,0,0,0
2012-11-14,51,102,47,7,52,9,0,0,0,0,0
2012-11-15,73,178,61,10,41,12,0,0,0,0,0
2012-11-16,61,120,43,7,27,13,0,0,0,0,0
2012-11-17,11,23,8,1,14,3,0,0,0,0,0
2012-11-18,16,23,4,2,10,1,0,0,0,0,0
2012-11-19,52,147,41,10,36,8,0,0,0,0,0
2012-11-20,52,206,53,7,23,13,0,0,0,0,0
2012-11-21,53,131,49,7,35,6,0,0,0,0,0
2012-11-22,6,6,2,1,2,0,0,0,0,0,0
2012-11-23,21,86,16,6,12,3,0,0,0,0,0
2012-11-24,10,18,4,1,4,4,0,0,0,0,0
2012-11-25,14,39,18,1,24,7,0,0,0,0,0
2012-11-26,56,153,41,12,26,12,0,0,0,0,0
2012-11-27,57,208,55,12,31,11,0,0,0,0,0
2012-11-28,44,110,50,12,40,7,0,0,0,0,0
2012-11-29,45,128,22,10,37,10,0,0,0,0,0
2012-11-30,41,90,52,4,20,7,0,0,0,0,0
2012-12-01,6,19,9,1,5,1,0,0,0,0,0
2012-12-02,11,18,8,1,13,2,0,0,0,0,0
2012-12-03,53,113,25,11,35,7,0,0,0,0,0
2012-12-04,41,127,46,8,29,8,0,0,0,0,0
2012-12-05,40,102,41,6,37,9,0,0,0,0,0
2012-12-06,44,124,33,7,35,6,0,0,0,0,0
2012-12-07,40,91,32,9,21,13,0,0,0,0,0
2012-12-08,12,27,3,1,8,2,0,0,0,0,0
2012-12-09,17,16,7,2,8,2,0,0,0,0,0
2012-12-10,47,100,27,9,30,8,0,0,0,0,0
2012-12-11,40,128,33,10,38,5,0,0,0,0,0
2012-12-12,62,152,59,10,63,10,0,0,0,0,0
2012-12-13,34,118,47,11,32,7,0,0,0,0,0
2012-12-14,35,110,39,9,23,14,0,0,0,0,0
2012-12-15,17,15,2,2,13,0,0,0,0,0,0
2012-12-16,7,29,2,3,9,1,0,0,0,0,0
2012-12-17,46,108,23,14,34,6,0,0,0,0,0
2012-12-18,70,241,44,8,30,10,0,0,0,0,0
2012-12-19,61,280,55,8,49,8,0,0,0,0,0
2012-12-20,52,246,71,6,30,11,0,0,0,0,0
2012-12-21,36,222,70,12,19,8,0,0,0,0,0
2012-12-22,12,21,4,0,9,5,0,0,0,0,0
2012-12-23,4,17,1,4,5,2,0,0,0,0,0
2012-12-24,33,192,40,7,7,4,0,0,0,0,0
2012-12-25,20,43,22,2,5,3,0,0,0,0,0
2012-12-26,28,91,29,9,25,7,0,0,0,0,0
2012-12-27,53,141,43,10,35,8,0,0,0,0,0
2012-12-28,45,127,59,9,35,7,0,0,0,0,0
2012-12-29,20,26,6,1,7,4,0,0,0,0,0
2012-12-30,14,22,2,0,11,4,0,0,0,0,0
2012-12-31,33,128,42,9,28,3,0,0,0,0,0
2013-01-01,12,16,7,2,13,9,0,0,0,0,0
2013-01-02,45,124,31,9,29,7,0,0,0,0,0
2013-01-03,59,182,69,8,54,7,0,0,0,0,0
2013-01-04,30,123,68,3,33,9,0,0,0,0,0
2013-01-05,13,24,8,1,11,5,0,0,0,0,0
2013-01-06,12,26,4,2,16,5,0,0,0,0,0
2013-01-07,46,195,45,8,22,4,0,0,0,0,0
2013-01-08,68,341,117,14,32,12,0,0,0,0,0
2013-01-09,50,300,56,10,35,9,0,0,0,0,0
2013-01-10,42,248,42,7,38,8,0,0,0,0,0
2013-01-11,47,375,44,7,23,9,0,0,0,0,0
2013-01-12,30,58,12,5,28,6,0,0,0,0,0
2013-01-13,8,28,7,5,8,1,0,0,0,0,0
2013-01-14,44,395,76,17,53,17,0,0,0,0,0
2013-01-15,49,373,40,10,33,12,0,0,0,0,0
2013-01-16,48,340,73,14,50,6,0,0,0,0,0
2013-01-17,38,296,46,13,46,6,0,0,0,0,0
2013-01-18,56,249,66,11,21,8,0,0,0,0,0
2013-01-19,18,28,8,2,9,6,0,0,0,0,0
2013-01-20,13,23,6,2,7,5,0,0,0,0,0
2013-01-21,27,54,3,2,25,4,0,0,0,0,0
2013-01-22,48,296,27,12,38,11,0,0,0,0,0
2013-01-23,40,252,36,13,44,15,0,0,0,0,0
2013-01-24,54,277,56,11,48,12,0,0,0,0,0
2013-01-25,61,236,56,10,29,7,0,0,0,0,0
2013-01-26,25,55,16,5,31,1,0,0,0,0,0
2013-01-27,7,32,2,2,11,5,0,0,0,0,0
2013-01-28,43,262,45,15,28,11,0,0,0,0,0
2013-01-29,46,237,58,3,21,14,0,0,0,0,0
2013-01-30,44,218,31,8,45,20,0,0,0,0,0
2013-01-31,52,329,77,6,38,18,0,0,0,0,0
2013-02-01,46,244,47,12,33,5,0,0,0,0,0
2013-02-02,14,54,10,4,12,4,0,0,0,0,0
2013-02-03,12,26,8,2,13,1,0,0,0,0,0
2013-02-04,47,277,49,5,32,16,0,0,0,0,0
2013-02-05,47,267,52,10,32,11,0,0,0,0,0
2013-02-06,41,273,71,9,37,11,0,0,0,0,0
2013-02-07,57,386,72,18,46,10,0,0,0,0,0
2013-02-08,52,253,45,7,40,7,0,0,0,0,0
2013-02-09,21,30,9,1,9,5,0,0,0,0,0
2013-02-10,13,24,5,6,17,3,0,0,0,0,0
2013-02-11,75,240,75,16,95,12,0,0,0,0,0
2013-02-12,55,183,54,7,62,17,0,0,0,0,0
2013-02-13,65,254,67,10,46,15,0,0,0,0,0
2013-02-14,46,199,35,9,35,12,0,0,0,0,0
2013-02-15,54,185,61,9,29,4,0,0,0,0,0
2013-02-16,16,33,10,4,16,4,0,0,0,0,0
2013-02-17,16,24,5,1,23,2,0,0,0,0,0
2013-02-18,31,36,9,2,37,5,0,0,0,0,0
2013-02-19,63,222,44,9,88,12,0,0,0,0,0
2013-02-20,58,216,59,14,66,16,0,0,0,0,0
2013-02-21,72,165,48,7,55,12,0,0,0,0,0
2013-02-22,63,254,65,9,43,9,0,0,0,0,0
2013-02-23,0,5,4,0,4,1,0,0,0,0,0
2013-02-24,15,28,2,2,16,2,0,0,0,0,0
2013-02-25,41,197,47,9,39,9,0,0,0,0,0
2013-02-26,43,199,34,12,59,7,0,0,0,0,0
2013-02-27,38,156,49,7,51,9,0,0,0,0,0
2013-02-28,35,182,45,8,27,9,0,0,0,0,0
2013-03-01,46,213,50,9,26,4,0,0,0,0,0
2013-03-02,18,23,4,2,8,4,0,0,0,0,0
2013-03-03,13,31,3,2,26,2,0,0,0,0,0
2013-03-04,49,264,65,12,52,8,0,0,0,0,0
2013-03-05,63,198,48,11,42,9,0,0,0,0,0
2013-03-06,82,234,105,11,48,7,0,0,0,0,0
2013-03-07,62,213,53,13,54,6,0,0,0,0,0
2013-03-08,55,184,68,12,34,10,0,0,0,0,0
2013-03-09,21,24,9,1,15,5,0,0,0,0,0
2013-03-10,10,15,4,1,15,1,0,0,0,0,0
2013-03-11,50,191,33,9,42,9,0,0,0,0,0
2013-03-12,50,166,59,12,52,10,0,0,0,0,0
2013-03-13,55,184,32,14,63,14,0,0,0,0,0
2013-03-14,43,235,32,4,58,14,0,0,0,0,0
2013-03-15,45,187,74,10,33,11,0,0,0,0,0
2013-03-16,11,13,2,2,3,5,0,0,0,0,0
2013-03-17,15,26,4,3,9,2,0,0,0,0,0
2013-03-18,54,244,51,6,46,7,0,0,0,0,0
2013-03-19,69,226,56,14,29,10,0,0,0,0,0
2013-03-20,56,203,52,11,71,13,0,0,0,0,0
2013-03-21,54,189,69,11,40,10,0,0,0,0,0
2013-03-22,48,133,45,6,27,6,0,0,0,0,0
2013-03-23,5,28,8,3,11,8,0,0,0,0,0
2013-03-24,14,31,7,5,29,3,0,0,0,0,0
2013-03-25,60,266,44,13,51,10,0,0,0,0,0
2013-03-26,59,168,62,11,52,11,0,0,0,0,0
2013-03-27,37,137,40,8,63,13,0,0,0,0,0
2013-03-28,55,279,42,11,39,15,0,0,0,0,0
2013-03-29,54,278,76,17,36,7,0,0,0,0,0
2013-03-30,12,35,9,1,15,4,0,0,0,0,0
2013-03-31,9,17,4,6,8,3,0,0,0,0,0
2013-04-01,59,210,44,9,54,11,0,0,0,0,0
2013-04-02,55,204,38,14,60,15,0,0,0,0,0
2013-04-03,45,188,48,17,53,13,0,0,0,0,0
2013-04-04,58,147,42,12,35,4,0,3,0,0,0
2013-04-05,48,180,53,6,35,8,0,2,0,0,0
2013-04-06,12,32,4,0,16,1,0,1,0,0,0
2013-04-07,15,55,4,3,9,6,0,0,0,0,0
2013-04-08,45,281,35,14,35,13,0,2,0,0,0
2013-04-09,84,250,55,13,67,11,0,1,0,0,0
2013-04-10,41,185,35,14,88,13,0,4,0,0,0
2013-04-11,42,202,32,14,24,12,0,1,0,0,0
2013-04-12,42,166,42,7,39,9,0,0,0,0,0
2013-04-13,17,35,6,0,11,5,0,0,0,0,0
2013-04-14,17,43,3,3,11,3,0,0,0,0,0
2013-04-15,49,237,50,4,32,15,0,5,0,0,0
2013-04-16,69,199,42,12,48,12,0,3,0,0,0
2013-04-17,52,246,51,19,49,3,0,0,0,0,0
2013-04-18,37,160,35,7,30,10,0,3,0,0,0
2013-04-19,42,169,38,13,36,4,0,2,0,0,0
2013-04-20,15,28,5,0,14,5,0,1,0,0,0
2013-04-21,17,37,9,1,18,1,0,1,0,0,0
2013-04-22,53,208,58,15,62,4,0,2,0,0,0
2013-04-23,51,173,33,11,36,8,0,3,0,0,0
2013-04-24,49,239,47,12,49,7,0,2,0,0,0
2013-04-25,39,217,28,10,62,8,0,2,0,0,0
2013-04-26,45,187,51,8,43,6,0,1,0,0,0
2013-04-27,16,33,8,1,16,2,0,0,0,0,0
2013-04-28,11,32,4,4,28,3,0,0,0,0,0
2013-04-29,51,235,53,13,55,11,0,2,0,0,0
2013-04-30,40,152,53,8,40,13,0,1,0,0,0
2013-05-01,55,185,33,8,54,9,0,3,0,0,0
2013-05-02,38,132,31,6,58,13,0,0,0,0,0
2013-05-03,33,188,50,11,32,5,0,1,0,0,0
2013-05-04,7,21,11,1,16,3,0,0,0,0,0
2013-05-05,20,36,2,1,10,1,0,1,0,0,0
2013-05-06,44,225,49,17,64,12,0,1,0,0,0
2013-05-07,44,196,57,20,61,9,0,2,0,0,0
2013-05-08,41,212,51,10,59,10,0,1,0,0,0
2013-05-09,45,221,40,8,33,6,0,2,0,0,0
2013-05-10,31,203,49,6,44,4,0,2,0,0,0
2013-05-11,12,29,9,3,13,2,0,0,0,0,0
2013-05-12,16,29,4,1,10,2,0,0,0,0,0
2013-05-13,57,178,46,17,42,13,0,1,0,0,0
2013-05-14,60,176,50,14,49,6,0,3,0,0,0
2013-05-15,43,214,46,9,64,6,0,2,0,0,0
2013-05-16,44,177,41,9,35,11,0,2,0,0,0
2013-05-17,31,112,49,13,67,5,0,0,0,0,0
2013-05-18,8,21,7,5,17,3,0,2,0,0,0
2013-05-19,16,22,0,0,9,1,0,1,0,0,0
2013-05-20,39,227,48,14,39,7,0,2,0,0,0
2013-05-21,48,222,45,8,47,11,0,2,0,0,0
2013-05-22,36,240,48,10,62,16,0,1,0,0,0
2013-05-23,50,215,39,10,61,11,0,4,0,0,0
2013-05-24,43,113,36,10,40,2,0,0,0,0,0
2013-05-25,13,21,6,3,20,1,0,1,0,0,0
2013-05-26,6,17,5,2,7,1,0,0,0,0,0
2013-05-27,21,76,5,3,7,3,0,0,0,0,0
2013-05-28,40,168,28,7,54,5,0,0,0,0,0
2013-05-29,51,213,54,16,38,6,0,0,0,0,0
2013-05-30,36,169,42,9,63,8,0,0,0,0,0
2013-05-31,41,112,39,7,29,10,0,1,0,0,0
2013-06-01,23,77,17,6,13,4,0,1,0,0,0
2013-06-02,11,25,10,2,16,3,0,0,0,0,0
2013-06-03,56,270,58,14,58,11,0,2,0,0,0
2013-06-04,41,132,63,7,48,5,0,3,0,0,0
2013-06-05,44,185,52,18,40,6,0,2,0,0,0
2013-06-06,58,189,53,9,43,8,0,0,0,0,0
2013-06-07,35,151,31,9,35,8,0,2,0,0,0
2013-06-08,8,25,8,4,23,4,0,4,0,0,0
2013-06-09,13,25,5,1,15,2,0,1,0,0,0
2013-06-10,39,203,41,5,44,8,0,3,0,0,0
2013-06-11,45,161,44,12,48,3,0,5,0,0,0
2013-06-12,51,177,47,8,46,6,0,0,0,0,0
2013-06-13,51,176,41,13,34,8,0,4,0,0,0
2013-06-14,36,190,65,10,50,4,0,0,0,0,0
2013-06-15,15,76,3,4,27,2,0,2,0,0,0
2013-06-16,4,49,9,2,19,2,0,0,0,0,0
2013-06-17,51,246,54,14,32,6,0,4,0,0,0
2013-06-18,34,212,44,9,42,8,0,0,0,0,0
2013-06-19,47,229,44,13,33,8,0,0,0,0,0
2013-06-20,41,253,51,16,51,11,0,0,0,0,0
2013-06-21,38,176,39,8,59,7,0,5,0,0,0
2013-06-22,16,60,8,2,26,2,0,0,0,0,0
2013-06-23,6,37,9,1,12,1,0,1,0,0,0
2013-06-24,56,176,42,3,48,9,0,1,0,0,0
2013-06-25,44,153,47,11,61,10,0,2,0,0,0
2013-06-26,43,239,46,8,43,14,0,0,0,0,0
2013-06-27,47,241,61,18,43,9,0,4,0,0,0
2013-06-28,44,177,43,16,53,5,0,4,0,0,0
2013-06-29,15,38,10,2,40,5,0,1,0,0,0
2013-06-30,11,22,4,3,9,5,0,0,0,0,0
2013-07-01,38,197,54,8,45,14,0,0,0,0,0
2013-07-02,26,104,30,7,45,5,0,6,0,0,0
2013-07-03,32,127,43,10,30,4,0,2,0,0,0
2013-07-04,8,22,6,0,13,2,0,1,0,0,0
2013-07-05,25,94,41,6,33,8,0,1,0,0,0
2013-07-06,22,59,7,0,32,5,0,0,0,0,0
2013-07-07,11,25,1,2,15,4,0,1,0,0,0
2013-07-08,50,231,50,15,48,18,0,2,0,0,0
2013-07-09,47,221,59,9,48,14,0,1,0,0,0
2013-07-10,43,243,62,16,60,17,69,1,0,0,0
2013-07-11,59,219,41,8,66,9,34,1,0,0,0
2013-07-12,33,165,65,9,72,9,54,5,0,0,0
2013-07-13,12,51,3,3,22,1,8,0,0,0,0
2013-07-14,3,24,5,7,13,2,12,1,0,0,0
2013-07-15,54,245,66,13,54,15,39,3,0,0,0
2013-07-16,44,171,56,11,61,7,43,2,0,0,0
2013-07-17,48,200,76,13,62,10,56,1,0,0,0
2013-07-18,44,200,57,10,35,13,62,4,0,0,0
2013-07-19,41,187,50,14,46,9,45,4,0,0,0
2013-07-20,4,36,2,2,19,1,15,1,0,0,0
2013-07-21,11,22,3,2,18,3,13,2,0,0,0
2013-07-22,34,163,43,16,44,7,55,1,0,0,0
2013-07-23,50,187,45,7,43,7,45,0,0,0,0
2013-07-24,56,233,66,8,37,14,38,5,0,0,0
2013-07-25,42,191,33,12,35,5,45,1,0,0,0
2013-07-26,45,151,45,7,62,5,65,2,0,0,0
2013-07-27,13,29,5,5,22,1,23,1,0,0,0
2013-07-28,8,20,9,1,11,3,14,1,0,0,0
2013-07-29,44,202,58,12,39,22,64,0,0,0,0
2013-07-30,47,142,40,16,39,9,54,0,0,0,0
2013-07-31,46,200,64,7,83,5,49,1,0,0,0
2013-08-01,43,193,60,7,51,9,39,4,0,0,0
2013-08-02,32,130,49,12,36,14,65,2,0,0,0
2013-08-03,15,36,12,1,25,2,38,0,0,0,0
2013-08-04,6,28,3,2,12,1,18,0,0,0,0
2013-08-05,32,203,49,11,33,14,71,1,0,0,0
2013-08-06,40,162,34,6,47,6,71,1,0,0,0
2013-08-07,55,167,46,12,42,9,60,2,0,0,0
2013-08-08,39,191,44,17,52,11,54,1,0,0,0
2013-08-09,34,252,49,18,28,6,46,4,0,0,0
2013-08-10,25,61,12,2,25,2,45,0,0,0,0
2013-08-11,13,28,4,1,15,5,16,1,0,0,0
2013-08-12,44,211,55,14,64,11,71,3,0,0,0
2013-08-13,44,118,51,9,54,11,54,1,0,0,0
2013-08-14,42,194,55,12,41,8,50,3,0,0,0
2013-08-15,41,154,43,13,51,9,49,0,0,0,0
2013-08-16,47,130,52,8,37,13,60,1,0,0,0
2013-08-17,14,37,14,2,27,5,22,2,0,0,0
2013-08-18,11,28,2,4,11,2,22,2,0,0,0
2013-08-19,51,209,42,15,44,11,58,5,0,0,0
2013-08-20,44,152,43,7,52,6,44,1,0,0,0
2013-08-21,41,150,53,11,51,16,40,0,0,0,0
2013-08-22,23,150,36,13,30,7,41,3,0,0,0
2013-08-23,55,125,46,13,44,10,69,1,0,0,0
2013-08-24,25,52,16,10,68,4,22,2,0,0,0
2013-08-25,18,42,10,2,20,4,16,0,0,0,0
2013-08-26,61,166,38,13,55,10,70,2,0,0,0
2013-08-27,36,168,40,10,53,11,60,2,0,0,0
2013-08-28,44,187,55,12,85,9,91,1,0,0,0
2013-08-29,42,151,51,4,45,15,50,4,0,0,0
2013-08-30,42,138,45,9,37,15,54,4,0,0,0
2013-08-31,19,23,7,0,24,5,31,1,0,0,0
2013-09-01,9,22,5,1,7,1,10,0,0,0,0
2013-09-02,10,37,6,6,18,5,13,1,0,0,0
2013-09-03,35,138,56,10,48,10,36,1,0,0,0
2013-09-04,34,147,49,13,78,20,53,4,0,0,0
2013-09-05,45,182,62,13,60,8,97,2,0,0,0
2013-09-06,46,129,38,15,68,9,108,5,0,0,0
2013-09-07,18,48,13,2,33,3,24,1,0,0,0
2013-09-08,11,32,3,2,6,2,19,0,0,0,0
2013-09-09,54,152,53,11,84,7,95,1,0,0,0
2013-09-10,48,168,61,15,56,14,99,5,0,0,0
2013-09-11,37,157,43,14,65,9,111,2,0,0,0
2013-09-12,46,141,63,16,33,12,92,2,0,0,0
2013-09-13,41,138,44,14,43,8,69,3,0,0,0
2013-09-14,17,24,5,2,20,6,22,0,0,0,0
2013-09-15,17,30,4,3,13,2,31,1,0,0,0
2013-09-16,57,186,63,22,50,7,95,2,0,0,0
2013-09-17,50,147,45,13,56,16,90,2,0,0,0
2013-09-18,52,200,61,13,59,16,88,1,0,0,0
2013-09-19,59,132,58,11,59,7,137,4,0,0,0
2013-09-20,38,137,52,10,91,5,80,3,0,0,0
2013-09-21,19,32,5,4,28,8,28,1,0,0,0
2013-09-22,20,20,11,2,24,4,20,0,0,0,0
2013-09-23,48,156,47,8,54,11,77,2,0,0,0
2013-09-24,45,179,64,18,69,14,96,5,0,0,0
2013-09-25,42,156,52,12,60,8,79,5,0,0,0
2013-09-26,50,148,40,9,50,10,94,4,0,0,0
2013-09-27,36,111,48,17,68,9,95,3,0,0,0
2013-09-28,26,31,10,5,54,3,27,1,0,0,0
2013-09-29,17,27,10,2,21,5,41,0,0,0,0
2013-09-30,62,172,57,8,67,13,85,2,0,0,0
2013-10-01,49,136,52,12,82,4,52,7,0,0,0
2013-10-02,39,125,45,6,72,7,46,3,0,0,0
2013-10-03,49,146,56,10,40,7,43,2,0,0,0
2013-10-04,30,89,51,7,39,11,34,2,0,0,0
2013-10-05,16,23,7,4,18,5,13,0,0,0,0
2013-10-06,10,30,5,1,10,2,13,2,0,0,0
2013-10-07,31,131,39,9,69,8,41,6,0,0,0
2013-10-08,44,130,49,10,71,10,43,1,0,0,0
2013-10-09,41,131,54,9,25,8,49,2,0,0,0
2013-10-10,37,113,49,9,21,11,25,3,0,0,0
2013-10-11,38,108,44,9,36,8,42,2,0,0,0
2013-10-12,10,20,8,2,2,4,11,2,0,0,0
2013-10-13,14,11,7,2,15,1,6,0,0,0,0
2013-10-14,16,60,11,4,20,13,21,1,0,0,0
2013-10-15,35,136,54,7,31,16,36,5,0,0,0
2013-10-16,40,132,53,11,59,18,33,3,0,0,0
2013-10-17,45,144,54,24,47,10,82,2,0,0,0
2013-10-18,38,121,58,11,25,9,88,4,0,0,0
2013-10-19,19,22,13,11,9,4,36,2,0,0,0
2013-10-20,16,31,9,2,12,5,31,1,0,0,0
2013-10-21,46,140,46,7,42,11,82,3,0,0,0
2013-10-22,43,151,54,16,53,14,136,6,0,0,0
2013-10-23,50,152,66,11,54,10,97,4,0,0,0
2013-10-24,45,180,73,15,43,21,85,2,0,0,0
2013-10-25,38,111,38,9,65,22,78,2,0,0,0
2013-10-26,14,32,3,1,15,9,29,2,0,0,0
2013-10-27,17,27,8,3,20,5,23,0,0,0,0
2013-10-28,59,158,47,19,84,19,107,1,0,0,0
2013-10-29,49,131,56,9,107,17,135,3,0,0,0
2013-10-30,47,164,75,19,43,13,120,7,0,0,0
2013-10-31,31,111,42,10,58,11,154,6,0,0,0
2013-11-01,45,151,62,11,71,12,112,3,0,0,0
2013-11-02,26,14,8,2,25,9,41,1,0,0,0
2013-11-03,13,29,8,1,11,10,15,0,0,0,0
2013-11-04,44,153,74,13,82,11,125,8,0,0,0
2013-11-05,44,121,62,11,98,13,141,7,0,0,0
2013-11-06,41,152,66,14,62,14,129,2,2,0,0
2013-11-07,33,128,44,11,43,10,99,2,8,0,0
2013-11-08,36,113,49,11,44,7,83,8,12,0,0
2013-11-09,20,23,9,4,19,4,33,2,3,0,0
2013-11-10,14,24,9,2,15,2,43,0,1,0,0
2013-11-11,23,46,15,4,32,14,68,2,2,0,0
2013-11-12,49,142,50,8,58,8,125,1,3,0,0
2013-11-13,47,181,45,12,72,9,144,6,3,0,0
2013-11-14,46,127,52,12,85,12,126,4,3,0,0
2013-11-15,41,113,82,13,36,7,82,7,8,0,0
2013-11-16,19,24,2,2,26,9,43,1,0,0,0
2013-11-17,15,21,5,3,16,3,28,0,0,0,0
2013-11-18,37,179,52,5,47,12,100,6,3,0,0
2013-11-19,52,153,48,16,54,15,135,3,6,0,0
2013-11-20,48,151,58,8,56,13,99,2,5,0,0
2013-11-21,33,117,47,12,52,12,105,2,9,0,0
2013-11-22,28,115,47,13,40,5,83,1,5,0,0
2013-11-23,14,34,7,1,24,4,24,1,0,0,0
2013-11-24,9,22,6,3,13,5,26,0,1,0,0
2013-11-25,51,177,57,22,63,12,128,4,2,0,0
2013-11-26,38,166,28,16,65,11,100,3,3,0,0
2013-11-27,39,115,34,7,44,6,101,5,4,0,0
2013-11-28,5,6,5,1,8,2,11,3,1,0,0
2013-11-29,27,59,14,9,29,11,61,1,3,0,0
2013-11-30,12,24,4,0,11,6,32,1,0,0,0
2013-12-01,15,20,9,4,8,4,30,1,1,0,0
2013-12-02,35,131,47,10,59,16,115,8,6,0,0
2013-12-03,68,129,45,17,50,21,120,4,5,0,0
2013-12-04,32,122,53,10,57,15,109,5,1,0,0
2013-12-05,35,131,61,9,42,17,77,3,5,0,0
2013-12-06,29,112,41,8,46,9,95,7,2,0,0
2013-12-07,12,27,4,0,11,4,33,0,1,0,0
2013-12-08,11,29,5,1,20,4,21,2,0,0,0
2013-12-09,43,120,29,11,60,10,100,2,8,0,0
2013-12-10,40,135,63,20,49,7,141,2,7,0,0
2013-12-11,52,174,60,17,31,18,110,4,4,0,0
2013-12-12,52,117,53,14,44,14,103,4,1,0,0
2013-12-13,39,99,37,10,49,13,111,2,2,0,0
2013-12-14,17,28,7,2,9,5,42,0,2,0,0
2013-12-15,7,21,7,0,12,6,34,1,1,0,0
2013-12-16,35,135,75,19,65,13,103,5,3,0,0
2013-12-17,34,164,49,10,44,15,95,6,6,0,0
2013-12-18,35,145,44,13,64,11,147,1,3,0,0
2013-12-19,30,116,51,11,54,5,88,5,5,0,0
2013-12-20,56,144,45,23,42,15,83,0,3,0,0
2013-12-21,12,30,4,8,22,3,44,0,0,0,0
2013-12-22,14,22,8,2,24,1,29,3,4,0,0
2013-12-23,62,116,48,21,72,14,88,4,2,0,0
2013-12-24,22,61,32,3,52,5,54,5,1,0,0
2013-12-25,8,11,7,0,5,2,7,2,2,0,0
2013-12-26,34,126,49,19,80,10,106,2,6,0,0
2013-12-27,35,132,38,10,51,11,98,2,3,0,0
2013-12-28,13,24,10,1,26,6,34,1,9,0,0
2013-12-29,19,30,10,3,24,8,41,1,0,0,0
2013-12-30,63,130,56,17,68,9,108,4,8,0,0
2013-12-31,46,90,35,15,60,10,67,6,6,0,0
2014-01-01,18,23,9,1,17,2,18,0,0,0,0
2014-01-02,38,129,65,13,89,21,79,3,2,0,0
2014-01-03,43,106,56,17,56,11,115,1,3,0,0
2014-01-04,15,24,8,5,23,6,42,0,2,0,0
2014-01-05,13,25,2,3,18,5,25,2,1,0,0
2014-01-06,42,159,49,16,54,8,106,3,9,0,0
2014-01-07,45,158,68,18,84,15,110,2,4,0,0
2014-01-08,43,171,70,20,80,8,114,6,8,0,0
2014-01-09,51,191,52,15,108,17,145,6,4,0,0
2014-01-10,37,141,44,19,109,9,125,4,6,0,0
2014-01-11,33,91,16,4,71,10,58,0,3,0,0
2014-01-12,17,29,7,6,34,7,37,1,3,0,0
2014-01-13,51,173,54,10,83,13,141,4,4,0,0
2014-01-14,50,138,45,21,94,16,114,4,11,0,0
2014-01-15,72,192,58,19,96,9,114,3,6,0,0
2014-01-16,43,122,44,16,109,17,182,2,5,0,0
2014-01-17,46,155,68,14,84,15,145,2,8,0,0
2014-01-18,13,37,7,1,30,9,38,0,2,0,0
2014-01-19,21,27,9,1,34,3,35,2,5,0,0
2014-01-20,26,53,9,7,71,3,97,1,4,0,0
2014-01-21,64,123,58,12,126,16,135,2,5,0,0
2014-01-22,59,158,54,17,126,20,205,5,7,0,0
2014-01-23,57,226,58,8,134,13,144,12,3,0,0
2014-01-24,48,156,82,19,79,15,131,4,10,0,0
2014-01-25,20,36,13,3,31,2,57,1,1,0,0
2014-01-26,20,38,10,1,28,9,41,1,0,0,0
2014-01-27,40,131,43,10,102,15,118,8,2,0,0
2014-01-28,37,169,40,8,83,20,129,2,5,0,0
2014-01-29,38,142,59,9,100,17,178,5,6,0,0
2014-01-30,47,154,55,20,98,18,166,7,9,0,0
2014-01-31,50,135,50,15,107,9,138,3,6,0,0
2014-02-01,19,37,9,3,31,4,41,0,2,0,0
2014-02-02,15,24,8,8,30,6,48,1,0,0,0
2014-02-03,48,154,54,16,75,17,132,6,8,0,0
2014-02-04,73,168,60,14,112,23,122,8,8,0,0
2014-02-05,60,187,52,13,100,10,148,3,7,0,0
2014-02-06,56,167,33,13,90,3,156,3,6,0,0
2014-02-07,58,157,43,10,119,13,141,2,4,0,0
2014-02-08,33,53,17,5,66,4,58,0,1,0,0
2014-02-09,10,65,13,5,61,6,58,0,4,0,0
2014-02-10,69,226,65,10,83,17,146,3,4,0,0
2014-02-11,41,169,56,11,144,15,157,6,8,0,0
2014-02-12,54,199,65,18,115,15,133,7,4,0,0
2014-02-13,66,164,68,10,120,14,163,2,4,0,0
2014-02-14,37,168,42,18,125,10,130,3,5,0,0
2014-02-15,16,42,6,5,46,6,52,1,2,0,0
2014-02-16,13,34,5,1,27,6,30,0,1,0,0
2014-02-17,26,61,12,10,77,16,93,1,1,0,0
2014-02-18,58,169,36,18,96,18,149,3,2,0,0
2014-02-19,59,164,93,12,91,11,168,1,9,0,0
2014-02-20,40,202,52,10,110,16,175,7,2,0,0
2014-02-21,64,183,83,11,111,15,153,3,4,0,0
2014-02-22,27,56,16,6,76,10,81,0,0,0,0
2014-02-23,14,40,12,6,39,9,41,4,0,0,0
2014-02-24,55,206,57,14,79,15,165,3,7,0,0
2014-02-25,53,186,51,21,104,10,121,5,6,0,0
2014-02-26,68,198,53,7,177,16,155,2,6,0,0
2014-02-27,53,210,62,24,107,23,173,5,9,0,0
2014-02-28,48,175,57,12,133,20,181,5,6,0,0
2014-03-01,21,57,22,4,39,10,49,3,2,0,0
2014-03-02,19,31,7,5,38,5,43,2,0,0,0
2014-03-03,56,192,57,12,93,19,122,12,5,0,0
2014-03-04,36,177,54,22,65,19,115,5,3,0,0
2014-03-05,79,192,63,16,131,18,133,2,4,0,0
2014-03-06,59,182,59,20,144,18,181,4,0,0,0
2014-03-07,48,176,54,14,97,21,122,6,5,0,0
2014-03-08,13,24,18,4,33,2,26,0,1,0,0
2014-03-09,1,0,1,0,2,0,2,0,0,0,0
2014-03-10,60,199,41,15,76,17,138,1,6,0,0
2014-03-11,49,168,44,18,139,23,163,2,8,0,0
2014-03-12,64,229,66,15,98,25,127,6,7,0,0
2014-03-13,59,169,43,9,123,18,179,5,4,0,0
2014-03-14,48,174,77,25,82,15,146,3,4,0,0
2014-03-15,24,60,22,11,62,7,62,0,5,0,0
2014-03-16,13,28,7,10,51,6,61,1,0,0,0
2014-03-17,40,191,38,25,104,13,161,6,5,0,0
2014-03-18,71,184,69,20,94,10,162,6,5,0,0
2014-03-19,55,223,58,12,92,19,140,2,2,0,0
2014-03-20,44,174,50,17,122,10,170,0,5,0,0
2014-03-21,39,156,39,10,109,7,141,4,5,0,0
2014-03-22,21,35,16,4,32,10,63,1,2,0,0
2014-03-23,12,44,9,5,47,8,26,0,0,0,0
2014-03-24,55,179,67,16,70,9,147,7,6,0,0
2014-03-25,45,129,52,11,146,15,170,8,8,0,0
2014-03-26,56,227,87,27,119,18,160,2,8,0,0
2014-03-27,48,186,54,20,97,19,184,4,6,0,0
2014-03-28,57,146,60,10,111,16,140,7,8,0,0
2014-03-29,12,33,6,7,31,6,61,1,4,0,0
2014-03-30,14,36,8,2,43,6,48,1,1,0,0
2014-03-31,43,188,41,19,93,13,157,5,9,0,0
2014-04-01,42,195,59,18,100,19,136,8,7,0,0
2014-04-02,55,192,72,12,98,18,130,4,4,0,0
2014-04-03,48,190,54,14,100,16,162,5,5,0,0
2014-04-04,43,162,44,15,84,11,132,4,6,0,0
2014-04-05,20,38,21,7,40,6,76,1,1,0,0
2014-04-06,21,31,7,6,31,5,30,1,4,0,0
2014-04-07,43,203,81,14,89,10,159,1,7,0,0
2014-04-08,33,160,42,15,107,10,133,5,1,0,0
2014-04-09,56,165,50,20,120,19,141,9,6,0,0
2014-04-10,63,201,84,16,113,10,169,2,0,0,0
2014-04-11,41,169,50,17,115,13,166,4,3,0,0
2014-04-12,17,33,14,6,37,6,59,1,2,0,0
2014-04-13,14,30,5,3,34,5,30,2,2,0,0
2014-04-14,33,168,45,22,88,11,141,3,1,0,0
2014-04-15,54,177,55,24,107,8,153,12,5,0,0
2014-04-16,67,164,53,19,121,20,146,6,6,0,0
2014-04-17,51,172,51,12,102,14,171,4,5,0,0
2014-04-18,37,126,33,14,81,10,152,6,3,0,0
2014-04-19,0,1,0,0,1,0,27,0,0,0,0
2014-04-20,8,23,8,3,19,6,38,1,1,0,0
2014-04-21,61,173,55,16,90,9,152,3,6,0,0
2014-04-22,53,172,65,17,98,24,133,1,3,0,0
2014-04-23,74,211,64,17,146,23,191,2,9,0,0
2014-04-24,41,155,47,21,109,16,153,4,4,0,0
2014-04-25,41,154,57,12,119,10,127,4,4,0,0
2014-04-26,17,33,12,5,42,8,47,3,2,0,0
2014-04-27,12,29,6,2,24,2,43,1,2,0,0
2014-04-28,80,157,40,16,134,17,147,4,6,0,0
2014-04-29,73,159,44,14,106,20,175,8,8,0,0
2014-04-30,101,191,62,17,99,19,171,2,4,0,0
2014-05-01,56,157,46,16,92,18,131,0,8,0,0
2014-05-02,35,124,37,6,101,21,103,4,5,0,0
2014-05-03,13,33,9,0,19,2,40,3,1,0,0
2014-05-04,9,27,4,4,33,4,35,0,1,0,0
2014-05-05,61,181,59,15,87,14,104,3,1,0,0
2014-05-06,49,159,49,12,119,19,158,6,2,0,0
2014-05-07,51,188,79,19,101,11,180,4,8,0,0
2014-05-08,29,131,38,10,98,11,131,5,2,0,0
2014-05-09,43,122,47,9,77,14,134,7,3,0,0
2014-05-10,11,17,7,4,21,3,33,1,1,0,0
2014-05-11,11,19,7,2,20,3,38,2,0,0,0
2014-05-12,70,173,73,20,132,12,122,10,15,0,0
2014-05-13,43,141,41,13,95,16,165,2,5,0,0
2014-05-14,49,192,66,11,81,16,169,8,6,0,0
2014-05-15,44,175,33,13,95,20,143,3,4,0,0
2014-05-16,47,114,56,6,91,13,129,1,7,0,0
2014-05-17,11,32,8,1,30,3,37,1,4,0,0
2014-05-18,11,28,3,5,25,6,41,1,0,0,0
2014-05-19,40,157,38,7,94,12,168,3,2,0,0
2014-05-20,46,156,84,14,75,15,124,7,8,0,0
2014-05-21,43,172,75,17,108,19,141,4,5,0,0
2014-05-22,50,141,55,13,80,17,135,5,7,0,0
2014-05-23,33,131,43,13,70,7,107,4,7,0,0
2014-05-24,15,22,8,9,26,4,36,0,0,0,0
2014-05-25,16,16,3,2,35,2,27,2,0,0,0
2014-05-26,11,28,7,2,18,0,36,1,2,0,0
2014-05-27,50,171,62,18,84,15,119,5,5,0,0
2014-05-28,44,135,55,12,147,18,142,3,6,0,0
2014-05-29,52,166,88,14,128,17,138,4,5,0,0
2014-05-30,41,119,44,6,89,11,95,1,5,0,0
2014-05-31,14,24,10,2,23,2,46,0,2,0,0
2014-06-01,17,25,2,1,30,5,50,5,2,0,0
2014-06-02,40,135,59,18,93,20,137,3,4,0,0
2014-06-03,35,137,63,19,105,14,157,3,4,0,0
2014-06-04,35,155,53,28,116,15,134,5,6,0,0
2014-06-05,47,129,48,19,96,16,152,3,6,0,0
2014-06-06,32,121,54,12,93,19,103,5,6,0,0
2014-06-07,17,24,9,2,25,4,39,1,0,0,0
2014-06-08,12,25,7,2,38,3,26,2,0,0,0
2014-06-09,39,130,60,22,95,13,138,3,2,0,0
2014-06-10,44,135,48,14,94,18,116,2,5,0,0
2014-06-11,46,165,42,14,148,11,123,4,3,0,0
2014-06-12,48,129,37,16,145,17,259,2,3,0,0
2014-06-13,45,141,52,14,106,10,134,2,6,0,0
2014-06-14,13,26,14,3,32,6,43,2,1,0,0
2014-06-15,10,16,4,3,19,4,33,0,0,0,0
2014-06-16,39,159,56,14,104,18,142,10,2,0,0
2014-06-17,38,156,56,18,111,14,136,6,4,0,0
2014-06-18,51,136,66,13,110,17,154,6,5,0,0
2014-06-19,58,126,60,13,119,18,161,11,6,0,0
2014-06-20,57,154,43,11,115,22,114,6,4,0,0
2014-06-21,15,23,5,2,14,6,37,4,6,0,0
2014-06-22,8,23,10,4,36,3,33,0,1,0,0
2014-06-23,46,139,59,14,91,16,152,8,0,0,0
2014-06-24,42,148,56,23,98,16,153,2,8,0,0
2014-06-25,29,122,33,12,98,12,144,6,4,0,0
2014-06-26,89,420,117,19,88,12,160,5,7,0,0
2014-06-27,37,141,53,10,84,7,124,8,2,0,0
2014-06-28,12,25,12,7,29,2,47,0,2,0,0
2014-06-29,18,29,9,2,21,2,43,2,2,0,0
2014-06-30,51,147,40,21,119,14,155,1,4,0,0
2014-07-01,46,153,67,13,117,8,151,4,6,0,0
2014-07-02,48,189,62,5,104,20,147,3,6,0,0
2014-07-03,51,138,55,14,95,9,117,1,3,0,0
2014-07-04,8,14,9,3,22,1,33,2,0,0,0
2014-07-05,10,14,7,2,44,1,32,1,0,0,0
2014-07-06,9,35,4,3,35,3,29,1,2,0,0
2014-07-07,63,189,57,17,130,18,178,6,2,0,0
2014-07-08,41,152,60,20,145,8,151,4,3,0,0
2014-07-09,40,204,56,18,121,11,157,3,9,0,0
2014-07-10,43,143,58,19,107,13,165,1,7,0,0
2014-07-11,41,146,50,14,80,13,96,6,6,0,0
2014-07-12,20,32,16,2,32,7,34,1,2,0,0
2014-07-13,0,1,0,0,0,0,25,0,2,0,0
2014-07-14,65,167,87,14,117,14,165,4,9,0,0
2014-07-15,51,147,60,19,121,12,152,6,7,0,0
2014-07-16,52,197,54,20,100,15,146,2,4,0,0
2014-07-17,46,139,50,17,115,14,157,1,5,0,0
2014-07-18,35,113,55,17,76,14,108,4,4,0,0
2014-07-19,24,35,11,5,43,7,36,3,4,1,1
2014-07-20,10,40,12,8,31,4,31,1,0,0,0
2014-07-21,44,176,59,29,92,11,147,7,6,5,2
2014-07-22,42,158,61,26,91,16,131,2,9,3,0
2014-07-23,61,147,58,28,96,14,125,3,9,5,1
2014-07-24,64,142,51,22,127,21,173,2,13,4,2
2014-07-25,28,135,40,15,95,11,135,3,10,7,2
2014-07-26,17,20,13,9,37,6,54,0,6,0,0
2014-07-27,16,19,8,9,32,8,49,0,0,1,0
2014-07-28,57,156,65,33,103,21,122,4,7,3,1
2014-07-29,45,128,51,36,115,18,141,2,9,1,0
2014-07-30,47,179,63,24,124,23,163,3,8,6,1
2014-07-31,40,136,45,26,109,17,133,7,6,2,1
2014-08-01,44,107,50,23,129,8,107,7,5,1,2
2014-08-02,15,33,12,10,23,3,55,0,2,0,0
2014-08-03,13,27,7,9,28,6,42,1,1,0,0
2014-08-04,66,150,42,30,161,15,138,8,13,1,1
2014-08-05,41,156,59,28,122,20,148,7,8,2,3
2014-08-06,54,254,105,31,120,15,174,4,12,3,0
2014-08-07,51,152,49,17,101,12,133,3,10,3,0
2014-08-08,40,129,39,16,97,14,96,2,3,3,1
2014-08-09,22,29,9,5,17,9,52,1,1,0,0
2014-08-10,18,32,5,2,31,7,44,0,1,1,0
2014-08-11,50,156,68,35,114,16,144,6,8,1,2
2014-08-12,50,178,60,24,147,16,149,3,5,0,2
2014-08-13,61,185,43,27,96,13,153,4,10,3,0
2014-08-14,49,136,49,33,121,10,129,3,4,1,1
2014-08-15,48,138,38,19,89,17,120,2,7,1,1
2014-08-16,23,23,7,8,23,4,42,1,2,1,0
2014-08-17,16,31,4,11,19,2,41,0,1,1,0
2014-08-18,72,149,66,23,98,17,119,3,6,5,1
2014-08-19,57,148,71,29,146,20,135,4,8,2,1
2014-08-20,51,213,69,30,99,14,156,5,5,3,0
2014-08-21,50,165,27,26,137,13,139,3,9,2,2
2014-08-22,42,156,46,28,97,11,126,4,4,1,0
2014-08-23,16,34,8,8,42,6,58,4,1,2,0
2014-08-24,13,28,7,8,41,3,37,0,2,0,0
2014-08-25,51,129,36,10,71,7,92,4,6,1,2
2014-08-26,51,159,56,27,143,16,138,5,7,3,1
2014-08-27,50,157,48,27,115,14,140,2,11,3,0
2014-08-28,45,153,44,31,95,13,145,2,2,2,0
2014-08-29,39,141,40,14,84,12,105,2,5,1,1
2014-08-30,15,22,5,5,29,4,44,1,2,1,0
2014-08-31,13,23,10,7,27,1,28,0,0,1,1
2014-09-01,17,26,8,7,25,4,32,1,0,0,0
2014-09-02,40,150,39,31,121,10,135,3,9,1,1
2014-09-03,44,145,51,29,93,8,119,5,6,6,2
2014-09-04,73,165,76,24,166,18,144,2,8,1,1
2014-09-05,35,134,45,20,76,3,102,5,7,2,2
2014-09-06,17,29,15,9,43,6,29,0,3,0,0
2014-09-07,13,22,7,5,28,3,26,2,0,0,0
2014-09-08,56,164,62,21,111,11,109,7,11,4,2
2014-09-09,46,137,53,26,116,15,99,7,6,4,0
2014-09-10,48,181,59,14,117,16,117,4,13,2,0
2014-09-11,59,128,37,25,143,16,110,5,8,4,2
2014-09-12,46,148,55,24,136,14,100,2,8,2,2
2014-09-13,23,22,10,12,18,5,39,1,2,0,0
2014-09-14,18,32,4,2,25,5,39,4,2,2,0
2014-09-15,47,164,60,28,123,15,110,8,7,1,1
2014-09-16,43,157,36,24,96,20,126,7,6,2,0
2014-09-17,46,158,68,27,74,25,120,3,9,0,2
2014-09-18,50,150,55,21,72,17,129,4,9,3,1
2014-09-19,47,132,36,14,72,18,101,7,5,1,3
2014-09-20,16,20,11,10,25,3,35,2,1,3,0
2014-09-21,18,25,11,10,28,6,32,1,2,0,0
2014-09-22,57,167,67,28,112,19,135,4,8,0,2
2014-09-23,48,137,61,17,130,24,107,5,7,4,0
2014-09-24,55,159,40,16,103,14,144,4,8,1,1
2014-09-25,43,157,57,29,96,19,187,1,12,4,0
2014-09-26,32,150,48,26,81,14,138,2,3,3,0
2014-09-27,18,32,9,7,20,6,48,1,3,0,0
2014-09-28,17,29,9,6,22,4,36,1,1,2,0
2014-09-29,49,178,58,26,135,14,136,6,12,4,1
2014-09-30,52,158,39,29,76,12,126,4,4,3,1
2014-10-01,45,192,70,28,114,16,133,2,9,1,2
2014-10-02,36,145,39,30,111,11,139,4,11,6,0
2014-10-03,33,182,32,25,107,12,104,2,10,1,1
2014-10-04,22,25,6,12,33,8,45,1,1,0,1
2014-10-05,10,36,6,9,29,5,34,0,2,0,1
2014-10-06,49,223,77,22,72,13,120,6,5,1,2
2014-10-07,44,144,62,25,89,14,147,6,3,1,1
2014-10-08,28,178,42,28,108,16,136,4,6,2,0
2014-10-09,38,120,50,13,86,10,135,1,5,1,0
2014-10-10,38,138,43,14,70,13,124,2,4,2,1
2014-10-11,24,24,11,6,28,0,44,0,4,0,0
2014-10-12,10,33,10,6,23,3,31,1,2,0,0
2014-10-13,21,81,20,13,38,10,85,2,4,1,1
2014-10-14,45,180,58,18,94,16,126,1,6,4,2
2014-10-15,38,147,37,22,90,16,150,5,9,2,0
2014-10-16,49,201,62,31,96,13,128,4,9,3,5
2014-10-17,39,146,42,18,95,12,114,3,8,1,0
2014-10-18,16,26,8,5,33,6,38,0,3,2,0
2014-10-19,20,32,9,9,31,4,45,1,1,1,1
2014-10-20,52,164,48,24,106,15,144,6,3,1,3
2014-10-21,47,154,77,33,93,23,118,2,7,5,0
2014-10-22,37,154,88,27,92,18,127,3,3,2,2
2014-10-23,55,156,57,28,92,21,148,1,4,1,0
2014-10-24,34,137,58,9,94,14,106,7,9,2,1
2014-10-25,15,26,10,7,33,8,29,1,1,0,2
2014-10-26,5,39,6,11,17,4,31,0,0,1,0
2014-10-27,61,146,66,31,112,14,128,3,4,3,0
2014-10-28,47,113,49,22,86,10,121,2,6,2,1
2014-10-29,64,167,56,31,64,21,143,5,7,4,2
2014-10-30,44,124,48,17,85,16,138,6,4,5,0
2014-10-31,30,103,37,15,43,12,100,3,3,5,0
2014-11-01,17,25,19,6,22,7,42,5,1,0,0
2014-11-02,16,33,8,17,28,4,32,0,0,0,0
2014-11-03,51,144,68,21,68,16,118,6,4,3,0
2014-11-04,42,137,58,27,91,23,97,4,12,3,1
2014-11-05,59,175,85,22,151,16,148,2,11,4,0
2014-11-06,46,136,48,24,77,15,128,3,12,3,0
2014-11-07,50,125,52,19,112,14,129,3,7,0,1
2014-11-08,18,26,10,11,28,5,40,0,0,0,0
2014-11-09,19,27,10,8,32,9,29,1,0,1,0
2014-11-10,48,168,44,36,92,9,113,2,10,1,1
2014-11-11,39,81,17,14,57,14,94,0,8,3,0
2014-11-12,55,155,48,20,94,14,119,7,8,2,2
2014-11-13,48,152,54,20,103,20,125,5,8,2,2
2014-11-14,45,129,40,15,122,8,171,7,6,2,2
2014-11-15,22,32,13,8,24,7,42,1,2,0,0
2014-11-16,18,33,10,9,24,7,42,1,1,0,0
2014-11-17,61,155,70,23,90,15,112,1,6,10,1
2014-11-18,45,169,46,22,121,18,184,1,8,3,1
2014-11-19,56,165,66,30,121,16,184,2,13,2,1
2014-11-20,42,119,47,20,129,19,129,2,8,5,0
2014-11-21,26,143,58,20,95,10,137,1,5,2,1
2014-11-22,23,42,12,4,21,4,48,0,5,0,1
2014-11-23,16,26,5,6,31,2,47,4,1,1,0
2014-11-24,50,172,43,25,116,25,119,7,3,6,0
2014-11-25,45,155,50,17,83,17,120,3,5,2,1
2014-11-26,39,114,38,23,138,16,121,1,7,2,1
2014-11-27,5,24,11,7,10,0,18,1,1,0,0
2014-11-28,30,62,26,14,53,2,66,2,4,0,1
2014-11-29,12,20,9,9,27,4,39,1,2,1,0
2014-11-30,15,34,8,8,20,3,38,3,2,1,0
2014-12-01,42,145,41,20,87,19,109,3,4,4,0
2014-12-02,41,151,45,30,100,20,116,3,8,4,0
2014-12-03,49,132,51,28,90,18,117,3,2,1,2
2014-12-04,50,146,85,32,78,14,145,7,7,7,0
2014-12-05,46,120,44,17,65,12,108,5,6,6,0
2014-12-06,22,17,17,5,29,6,44,1,3,3,0
2014-12-07,12,26,9,12,28,4,22,2,1,1,0
2014-12-08,51,133,44,24,141,14,110,5,6,0,0
2014-12-09,48,129,31,31,118,17,121,4,7,0,0
2014-12-10,55,168,62,30,101,12,123,1,12,4,1
2014-12-11,32,140,53,22,101,12,115,1,5,5,0
2014-12-12,31,100,24,21,105,16,122,9,5,3,1
2014-12-13,17,28,12,13,22,7,40,1,3,1,0
2014-12-14,14,17,18,9,33,8,30,1,0,1,0
2014-12-15,50,146,55,24,54,10,120,2,10,4,3
2014-12-16,42,133,37,27,106,17,149,4,6,1,1
2014-12-17,50,180,62,28,86,19,104,5,5,5,1
2014-12-18,46,142,62,28,94,11,142,4,5,0,2
2014-12-19,45,91,38,16,59,14,95,4,4,2,0
2014-12-20,23,21,13,13,31,3,44,1,2,0,0
2014-12-21,12,15,8,1,29,4,25,1,0,1,0
2014-12-22,51,137,49,18,83,16,179,6,7,4,0
2014-12-23,32,134,59,26,95,17,143,3,8,3,0
2014-12-24,33,86,30,14,66,6,76,11,3,1,0
2014-12-25,3,10,7,2,14,2,14,0,0,0,0
2014-12-26,24,44,20,17,41,3,72,7,5,0,1
2014-12-27,16,21,11,5,16,4,32,1,3,0,0
2014-12-28,13,30,6,14,43,6,53,0,1,0,0
2014-12-29,56,140,53,24,107,10,139,8,2,2,0
2014-12-30,52,151,61,22,94,14,157,3,14,6,1
2014-12-31,47,86,33,16,78,6,117,2,4,2,0
2015-01-01,19,20,13,6,27,9,30,2,1,2,0
2015-01-02,42,96,66,18,71,24,104,4,3,1,0
2015-01-03,19,28,13,8,39,7,54,2,3,1,0
2015-01-04,23,26,8,7,24,6,47,4,1,2,0
2015-01-05,34,162,77,23,91,14,123,4,3,8,0
2015-01-06,51,145,54,28,95,18,112,2,5,5,0
2015-01-07,51,134,63,35,114,14,150,4,6,3,1
2015-01-08,34,117,44,20,91,15,123,9,3,2,1
2015-01-09,33,112,49,25,78,13,87,2,9,5,0
2015-01-10,23,30,13,9,55,5,51,2,2,2,1
2015-01-11,17,23,10,6,28,3,43,0,0,0,0
2015-01-12,53,128,68,33,104,12,112,7,4,1,1
2015-01-13,58,125,58,21,120,17,132,1,6,5,1
2015-01-14,43,143,49,28,102,9,112,1,7,1,1
2015-01-15,51,126,68,16,118,14,122,3,6,2,0
2015-01-16,36,99,32,19,89,16,135,2,2,1,0
2015-01-17,24,31,15,3,39,5,39,0,3,0,0
2015-01-18,12,26,12,6,34,1,39,1,3,0,0
2015-01-19,24,55,10,13,51,6,104,2,2,2,1
2015-01-20,50,163,35,21,144,15,123,5,7,3,1
2015-01-21,44,142,73,35,117,15,169,6,12,5,1
2015-01-22,49,159,66,28,106,21,156,8,12,2,0
2015-01-23,56,132,55,21,196,7,155,5,4,5,1
2015-01-24,27,32,8,8,35,4,68,0,3,0,0
2015-01-25,13,19,10,7,17,5,45,0,0,1,1
2015-01-26,42,198,63,27,109,13,147,3,7,1,1
2015-01-27,55,142,69,33,171,11,177,6,6,4,0
2015-01-28,57,139,64,25,140,18,193,6,6,6,4
2015-01-29,45,124,44,27,116,19,152,10,4,2,0
2015-01-30,41,99,40,24,103,15,116,4,6,5,0
2015-01-31,14,31,10,12,46,5,52,0,2,1,0
2015-02-01,14,29,6,4,23,3,41,1,2,2,0
2015-02-02,64,134,56,29,132,26,149,0,7,6,2
2015-02-03,50,128,47,34,125,20,161,7,8,4,1
2015-02-04,61,172,59,34,91,26,155,5,12,3,1
2015-02-05,58,147,43,23,131,13,169,4,7,2,2
2015-02-06,56,114,38,30,124,15,149,3,8,4,0
2015-02-07,21,37,14,11,49,8,65,1,3,2,0
2015-02-08,17,23,9,6,28,12,53,3,4,4,0
2015-02-09,57,166,62,33,117,17,139,5,9,7,0
2015-02-10,50,154,54,32,94,17,130,3,10,5,1
2015-02-11,76,178,70,26,91,22,159,8,9,1,1
2015-02-12,73,116,46,25,130,9,141,4,6,3,1
2015-02-13,60,111,36,17,103,7,114,2,9,8,1
2015-02-14,21,34,11,10,27,9,53,1,2,3,0
2015-02-15,48,27,12,5,45,7,34,2,4,2,0
2015-02-16,35,69,13,10,77,14,102,2,6,0,0
2015-02-17,101,117,44,25,75,17,151,7,10,5,0
2015-02-18,62,167,59,30,101,12,186,2,6,7,2
2015-02-19,83,145,36,25,129,12,181,3,8,3,1
2015-02-20,47,130,47,27,103,15,156,1,11,1,1
2015-02-21,28,31,16,8,43,6,55,0,3,1,2
2015-02-22,18,26,11,10,31,7,47,0,1,0,0
2015-02-23,57,164,90,23,109,15,136,5,7,7,1
2015-02-24,66,118,47,23,99,20,181,4,8,2,0
2015-02-25,58,196,71,30,97,8,184,6,4,5,4
2015-02-26,52,161,53,25,102,14,170,5,4,3,0
2015-02-27,38,129,48,21,75,16,110,3,6,2,0
2015-02-28,22,33,11,10,37,5,53,3,3,1,0
2015-03-01,29,34,11,10,36,9,46,1,1,0,0
2015-03-02,53,148,57,31,88,17,181,6,3,4,0
2015-03-03,69,125,36,27,99,14,137,3,6,4,2
2015-03-04,61,162,46,30,95,16,154,4,7,2,1
2015-03-05,62,148,60,22,117,9,139,6,4,6,2
2015-03-06,49,103,42,19,139,18,162,4,3,1,0
2015-03-07,22,30,9,12,26,2,47,4,1,1,2
2015-03-08,14,34,9,5,31,2,58,0,2,0,1
2015-03-09,48,140,63,33,132,18,168,6,7,6,1
2015-03-10,65,159,43,30,107,19,171,7,7,6,1
2015-03-11,50,140,53,30,125,17,136,3,8,6,1
2015-03-12,66,149,57,23,101,14,161,13,6,1,1
2015-03-13,45,119,55,19,112,15,116,3,3,4,3
2015-03-14,20,24,9,8,45,2,43,2,3,2,0
2015-03-15,28,31,7,7,40,5,45,2,2,1,2
2015-03-16,55,195,56,36,128,26,128,7,6,2,2
2015-03-17,57,153,54,28,104,17,166,6,4,2,0
2015-03-18,60,125,67,30,141,23,164,4,1,2,2
2015-03-19,69,168,61,28,172,21,173,4,9,5,1
2015-03-20,59,152,51,25,123,10,149,2,4,4,0
2015-03-21,19,30,13,6,24,12,38,3,0,1,0
2015-03-22,19,31,19,8,38,3,45,2,2,0,0
2015-03-23,64,186,80,25,79,17,197,3,7,4,2
2015-03-24,55,162,70,30,116,22,192,6,7,5,0
2015-03-25,59,163,42,24,134,17,172,4,8,3,0
2015-03-26,76,158,73,21,86,15,186,4,4,2,3
2015-03-27,50,144,46,23,86,19,140,8,5,5,0
2015-03-28,23,22,10,5,30,5,55,5,4,1,0
2015-03-29,28,50,9,8,32,5,34,1,2,3,1
2015-03-30,41,151,43,26,129,19,151,4,11,0,0
2015-03-31,48,138,64,30,115,26,158,4,6,2,0
2015-04-01,66,162,57,23,106,24,146,5,6,4,0
2015-04-02,36,140,54,13,103,16,134,4,4,3,0
2015-04-03,40,122,39,24,127,19,124,1,4,2,0
2015-04-04,26,29,17,8,22,6,36,1,1,2,0
2015-04-05,14,18,6,4,22,1,17,0,1,1,0
2015-04-06,66,169,54,30,109,17,143,9,8,2,2
2015-04-07,58,142,70,28,100,19,144,7,4,5,0
2015-04-08,40,137,72,23,121,17,138,4,4,1,4
2015-04-09,42,161,58,26,131,10,144,3,3,4,1
2015-04-10,48,124,52,20,93,11,112,2,1,3,0
2015-04-11,21,33,11,8,38,6,44,2,2,0,0
2015-04-12,21,27,7,3,30,3,38,2,1,3,0
2015-04-13,48,189,56,20,128,13,122,3,9,4,2
2015-04-14,49,155,66,24,92,15,156,7,5,3,1
2015-04-15,45,143,51,31,98,15,112,5,10,1,1
2015-04-16,60,114,61,16,129,15,168,4,8,1,0
2015-04-17,40,124,28,22,106,14,123,2,4,2,1
2015-04-18,18,32,15,6,25,1,40,5,0,2,0
2015-04-19,14,37,9,3,18,11,67,0,1,3,0
2015-04-20,61,150,78,26,110,20,163,8,4,5,0
2015-04-21,50,186,54,21,128,30,161,11,17,2,0
2015-04-22,64,227,72,22,109,22,124,6,3,2,0
2015-04-23,71,153,66,20,127,19,135,6,7,4,1
2015-04-24,56,118,55,26,84,17,125,7,7,3,0
2015-04-25,23,28,8,3,40,6,43,1,1,1,0
2015-04-26,21,33,12,2,40,7,43,2,0,1,0
2015-04-27,68,166,57,21,102,21,135,8,5,3,0
2015-04-28,84,157,54,21,118,17,133,5,10,5,3
2015-04-29,76,170,67,22,128,17,148,9,4,1,0
2015-04-30,74,160,40,25,97,22,156,3,8,4,3
2015-05-01,81,141,37,19,128,21,101,5,6,4,1
2015-05-02,29,30,11,7,35,4,58,1,2,1,1
2015-05-03,19,31,11,3,36,8,34,1,0,0,0
2015-05-04,58,166,58,20,127,21,123,7,4,4,2
2015-05-05,75,169,69,27,111,15,147,9,5,4,0
2015-05-06,57,158,47,29,132,20,135,5,4,4,2
2015-05-07,46,163,79,25,89,14,147,7,5,7,1
2015-05-08,67,138,61,27,89,11,99,3,3,2,1
2015-05-09,26,22,17,7,30,1,45,1,0,1,0
2015-05-10,25,21,7,7,25,4,28,1,2,1,0
2015-05-11,73,169,63,26,112,16,128,5,4,5,0
2015-05-12,52,154,69,31,137,14,171,12,6,5,3
2015-05-13,53,176,56,27,133,12,155,4,4,4,0
2015-05-14,58,187,66,29,134,15,166,6,6,8,1
2015-05-15,51,162,42,25,137,19,110,8,1,1,0
2015-05-16,18,36,10,2,38,4,44,1,2,0,0
2015-05-17,12,32,7,3,46,9,36,3,2,0,0
2015-05-18,57,163,39,29,94,28,133,4,5,2,1
2015-05-19,66,143,75,35,115,21,212,10,3,4,0
2015-05-20,80,168,57,43,102,24,198,12,6,7,1
2015-05-21,71,188,45,26,98,11,151,9,4,6,1
2015-05-22,48,133,60,24,89,13,130,9,4,3,1
2015-05-23,15,27,6,8,31,0,36,2,1,1,2
2015-05-24,18,19,7,3,40,3,29,1,0,2,1
2015-05-25,23,32,9,11,40,4,41,3,0,0,0
2015-05-26,51,135,58,24,126,11,153,3,9,4,0
2015-05-27,56,191,74,27,89,21,162,7,5,1,1
2015-05-28,73,182,58,23,91,15,144,4,5,1,1
2015-05-29,57,164,69,21,68,12,99,3,3,2,3
2015-05-30,20,40,7,11,45,5,54,0,0,2,0
2015-05-31,17,40,10,8,37,6,31,0,0,2,0
2015-06-01,51,212,37,26,102,14,128,6,9,2,1
2015-06-02,57,202,65,26,99,20,129,3,9,4,0
2015-06-03,49,196,75,27,116,21,116,5,2,1,3
2015-06-04,45,146,47,17,128,11,106,5,2,4,1
2015-06-05,52,157,68,28,92,23,121,5,12,8,0
2015-06-06,22,20,12,7,32,8,51,2,0,2,0
2015-06-07,21,26,6,4,27,2,32,0,0,2,1
2015-06-08,55,164,59,22,113,17,126,4,4,5,0
2015-06-09,49,147,75,16,123,15,168,3,0,4,1
2015-06-10,69,189,68,25,89,18,160,7,9,2,0
2015-06-11,65,131,63,16,120,15,142,7,0,3,0
2015-06-12,36,127,62,24,70,10,128,8,0,2,0
2015-06-13,13,23,15,5,31,3,30,2,0,0,0
2015-06-14,12,25,9,6,47,5,30,0,2,0,0
2015-06-15,51,144,54,18,96,9,104,6,5,2,3
2015-06-16,50,105,42,17,105,15,116,4,7,1,4
2015-06-17,29,68,31,10,87,7,86,3,2,1,0
2015-06-18,23,51,16,10,87,7,86,7,5,1,0
2015-06-19,17,40,38,12,81,3,72,2,3,1,0
2015-06-20,16,15,2,1,28,2,20,0,0,0,0
2015-06-21,5,9,5,4,18,0,20,1,1,0,0
2015-06-22,12,33,14,8,63,1,46,8,2,0,0
2015-06-23,8,19,10,6,51,4,36,4,3,0,0
2015-06-24,4,25,13,7,37,2,45,2,1,0,0
2015-06-25,2,12,8,6,26,1,18,1,2,0,0
2015-06-26,1,7,3,2,19,1,32,1,0,1,0
2015-06-27,2,1,4,0,8,0,7,0,0,0,0
2015-06-28,0,1,1,3,8,0,12,1,0,0,0
2015-06-29,0,4,4,2,2,0,13,1,0,0,0
2015-06-30,0,0,0,0,1,0,2,0,0,0,0
